bond_id,issuer,dirty_price,fair_model_dirty_price,price_residual,spread_to_curve,fair_spread,spread_residual_bps,comp_count,review_flag,review_reason
PFE_2033_475,Pfizer Investment Enterprises Pte,101.52077348066298,102.08178642361148,-0.5610129429484942,0.0061822138610295,0.0052600067749992,9.222070860302493,3,Review,moderate price residual; weak comp support
AMZN_2036_488,Amazon.com Inc,99.6279347826087,100.25533250028516,-0.6273977176764447,0.0061530250683426,0.0053581375152441,7.948875530984283,3,Review,moderate price residual
AMZN_2031_425,Amazon.com Inc,99.63717391304348,98.93494684181468,0.7022270712288048,0.004107984052971,0.005691875210655,-15.83891157684027,3,Review,moderate spread residual; moderate price residual
F_2033_713,Ford Motor Credit Company LLC,108.34234806629834,110.9964017020815,-2.654053635783157,0.0200954924710094,0.0159066047130607,41.88887757948609,3,High Review,large spread residual; large price residual; weak comp support
PFE_2053_530,Pfizer Investment Enterprises Pte,95.77044198895028,100.8338734766041,-5.063431487653816,0.0103922586434055,0.0066097731073386,37.82485536066867,3,High Review,large spread residual; large price residual; weak comp support
META_2035_488,Meta Platforms Inc,100.37229281767956,102.37986178886568,-2.007568971186103,0.0074940803926438,0.0048784449100043,26.156354826394477,3,High Review,large spread residual; large price residual
META_2030_420,Meta Platforms Inc,100.8175138121547,99.96381738741154,0.8536964247431627,0.004290176378563,0.0063412613961487,-20.510850175857257,3,High Review,large spread residual; moderate price residual
F_2030_400,Ford Motor Credit Company LLC,95.08116022099448,93.89757532102524,1.183584899969233,0.0163467383012175,0.0194081495804235,-30.61411279206092,3,High Review,large spread residual; large price residual; weak comp support
